customer_id,order_id,age,gender,city,product_category,price,quantity,discount_percent,order_date,payment_method,customer_rating,delivery_days,returned
1171.0,363.0,21.0,Male,Hyderabad,Sports,1912.09,3.0,0.0,2021-02-23,NetBanking,3.0,14.0,Yes
1047.0,496.0,33.0,Male,Mumbai,Electronics,268.35,4.0,20.0,2021-09-02,COD,3.0,10.0,Yes
1185.0,206.0,42.0,Female,Pune,Sports,230.39,1.0,10.0,2022-07-10,Card,2.0,4.0,Yes
1135.0,113.0,54.0,Male,Delhi,Electronics,1615.11,5.0,0.0,2022-05-18,Card,3.0,12.0,Yes
1092.0,311.0,45.0,Male,Pune,Electronics,461.19,2.0,0.0,2023-08-31,UPI,5.0,3.0,No
1061.0,483.0,41.0,Male,Hyderabad,Beauty,339.6,5.0,10.0,2022-02-19,Cash,1.5,5.0,No
1011.0,558.0,64.0,Female,Hyderabad,Grocery,1274.447402952618,5.0,0.0,2024-07-30,UPI,3.0,7.0,Yes
1085.0,512.0,67.0,Female,,Toys,1640.32,3.0,0.0,2023-09-19,Card,3.0,4.0,No
1070.0,161.0,51.0,Male,Pune,Electronics,975.86,3.0,5.0,2022-11-09,Card,4.0,10.0,No
1127.0,313.0,72.0,Male,Kolkata,Grocery,1260.19,1.0,0.0,2023-09-29,Card,4.0,7.0,No
1097.0,428.0,45.0,Other,Kolkata,Sports,908.88,5.0,0.0,2024-08-27,Cash,5.0,2.0,No
1031.0,393.0,47.0,Female,Hyderabad,Beauty,1094.25,2.0,15.0,2021-01-12,Card,3.0,7.0,No
1128.0,268.0,18.0,Male,Chennai,Grocery,1331.73,2.0,0.0,2022-02-27,NetBanking,3.0,12.0,No
1120.0,183.0,25.0,Male,Kolkata,Sports,138.73,2.0,15.0,2023-10-13,COD,1.5,14.0,No
1189.0,177.0,18.0,Male,Chennai,Electronics,173.59,3.0,10.0,2024-06-16,Card,2.0,7.0,No
1198.0,260.0,70.0,Male,Pune,Home,286.35,2.0,0.0,2024-08-29,UPI,4.0,12.0,No
1066.0,388.0,18.0,Female,Bangalore,Toys,603.89,2.0,10.0,2024-07-10,COD,3.0,10.0,Yes
1194.0,507.0,45.0,Female,Kolkata,Clothing,1068.51,2.0,15.0,2021-11-02,NetBanking,2.0,6.0,No
1161.0,83.0,57.0,Male,Mumbai,Beauty,1511.7,3.0,0.0,2024-03-12,COD,4.0,6.0,Yes
1009.0,528.0,45.0,Other,Hyderabad,Toys,1196.02,3.0,5.0,2021-01-12,Card,3.0,9.0,Yes
1169.0,166.0,33.0,Female,,Beauty,1208.21,3.0,0.0,2022-06-13,UPI,2.0,7.0,Yes
1099.0,14.0,32.0,Female,Chennai,Clothing,1170.14,3.0,5.0,2024-04-24,UPI,1.5,1.0,Yes
1167.0,562.0,66.0,Male,Mumbai,Clothing,903.22,2.0,0.0,2024-09-07,Card,3.0,7.0,No
1023.0,541.0,18.0,Female,Pune,Beauty,1959.77,5.0,15.0,2023-02-17,NetBanking,3.0,3.0,No
1160.0,561.0,53.0,Female,Pune,Grocery,1274.447402952618,2.0,10.0,2024-03-29,NetBanking,3.0,7.0,Yes
1102.0,1.0,45.0,Other,Delhi,Clothing,1689.41,2.0,0.0,2024-05-26,NetBanking,3.0,9.0,No
1050.0,46.0,67.0,Male,Pune,Electronics,1331.73,2.0,0.0,2024-07-29,UPI,1.5,8.0,No
1107.0,173.0,16.0,Male,Pune,Beauty,338.83,2.0,5.0,2022-03-05,Cash,5.0,1.0,No
1021.0,505.0,64.0,Male,Chennai,Grocery,240.32,2.0,5.0,2024-09-12,Card,4.0,11.0,No
1095.0,202.0,43.0,Female,Delhi,Toys,727.15,2.0,0.0,2022-06-10,UPI,3.0,7.0,Yes
1064.0,421.0,41.0,Other,Pune,Beauty,1260.19,2.0,0.0,2024-12-30,Card,5.0,8.0,No
1057.0,489.0,35.0,Other,Delhi,Toys,346.02,3.0,0.0,2021-05-10,Card,3.0,13.0,No
1124.0,438.0,50.0,Male,Hyderabad,Grocery,1201.4,4.0,0.0,2024-03-15,Cash,3.0,7.0,No
1190.0,80.0,61.0,Other,Pune,Toys,101.79,4.0,0.0,2022-03-22,UPI,5.0,2.0,No
1150.0,127.0,35.0,Female,,Sports,1056.37,3.0,0.0,2023-01-22,Card,3.0,7.0,No
1061.0,205.0,51.0,Female,Pune,Grocery,344.99,3.0,0.0,2022-01-19,Card,3.0,7.0,Yes
1171.0,228.0,25.0,Female,Chennai,Clothing,1837.23,1.0,0.0,2024-04-02,NetBanking,5.0,7.0,Yes
1048.0,361.0,20.0,Male,Bangalore,Beauty,1454.18,2.0,0.0,2023-03-21,COD,5.0,10.0,No
1098.0,290.0,55.0,Male,Chennai,Sports,848.67,2.0,20.0,2022-09-16,Card,1.5,14.0,No
1151.0,299.0,49.0,Female,Pune,Home,1590.04,2.0,10.0,2023-08-17,COD,4.0,11.0,No
1100.0,450.0,45.0,Male,Pune,Electronics,1045.18,2.0,0.0,2022-11-23,UPI,3.0,7.0,Yes
1123.0,98.0,45.0,Male,Bangalore,Clothing,197.13,2.0,0.0,2024-10-19,COD,5.0,7.0,Yes
1123.0,470.0,50.0,Male,Pune,Clothing,1274.447402952618,3.0,0.0,2022-08-12,Card,1.5,13.0,Yes
1184.0,169.0,64.0,Male,Delhi,Sports,344.99,2.0,15.0,2021-06-15,Card,3.0,4.0,No
1187.0,63.0,20.0,Female,Pune,Sports,197.13,2.0,0.0,2021-12-17,Cash,1.5,7.0,No
1089.0,574.0,21.0,Female,Chennai,Clothing,146.33,3.0,20.0,2021-11-17,UPI,3.0,4.0,Yes
1131.0,153.0,62.0,Male,Bangalore,Sports,1274.447402952618,5.0,0.0,2023-01-31,UPI,3.0,10.0,Yes
1143.0,520.0,52.0,Male,Bangalore,Grocery,1103.67,3.0,0.0,2022-06-15,Cash,3.0,3.0,No
1178.0,148.0,45.0,Female,Pune,Beauty,1230.81,3.0,10.0,2022-06-15,Cash,2.0,9.0,No
1189.0,37.0,34.0,Male,Pune,Beauty,45.82,4.0,5.0,2023-01-19,COD,3.0,10.0,No
1196.0,286.0,19.0,Male,Mumbai,Toys,1184.67,1.0,15.0,2022-04-02,UPI,3.0,14.0,No
1103.0,267.0,53.0,Male,Hyderabad,Grocery,1282.82,2.0,0.0,2023-01-03,NetBanking,5.0,2.0,No
1012.0,468.0,73.0,Other,Pune,Sports,70.79,2.0,0.0,2023-09-16,NetBanking,4.0,7.0,No
1160.0,381.0,31.0,Other,Kolkata,Beauty,268.35,2.0,20.0,2024-09-18,COD,1.5,7.0,Yes
1137.0,533.0,45.0,Male,Chennai,Grocery,1269.48,1.0,20.0,2021-07-01,Cash,3.0,12.0,No
1103.0,389.0,47.0,Female,Bangalore,Toys,922.35,2.0,5.0,2022-12-04,UPI,2.0,10.0,No
1023.0,95.0,63.0,Female,Pune,Beauty,1094.21,5.0,10.0,2022-09-17,UPI,3.0,7.0,No
1120.0,186.0,23.0,Male,Pune,Grocery,1331.73,5.0,0.0,2021-01-06,NetBanking,2.0,5.0,Yes
1004.0,139.0,45.0,Male,,Beauty,1989.77,5.0,0.0,2022-08-29,Card,3.0,3.0,Yes
1112.0,302.0,18.0,Female,Pune,Grocery,1358.0,2.0,0.0,2023-09-06,UPI,4.0,7.0,No
1153.0,577.0,19.0,Male,Pune,Beauty,1356.09,3.0,0.0,2023-07-12,Card,2.0,7.0,No
1036.0,287.0,45.0,Female,Mumbai,Home,2921.8112499999997,5.0,0.0,2024-05-10,Card,3.0,7.0,No
1067.0,232.0,74.0,Female,Kolkata,Home,687.36,5.0,15.0,2022-02-02,UPI,2.0,7.0,Yes
1080.0,216.0,44.0,Male,Chennai,Sports,1668.3,5.0,0.0,2021-05-02,Cash,1.5,7.0,No
1130.0,17.0,35.0,Other,Bangalore,Grocery,633.19,2.0,0.0,2023-03-07,COD,2.0,1.0,No
1144.0,474.0,45.0,Male,Hyderabad,Home,951.07,2.0,15.0,2022-08-03,COD,5.0,7.0,Yes
1128.0,108.0,46.0,Female,Pune,Beauty,562.87,3.0,0.0,2024-06-19,UPI,3.0,7.0,No
1118.0,338.0,67.0,Male,Delhi,Clothing,1102.19,3.0,0.0,2022-05-10,Card,5.0,13.0,No
1136.0,143.0,48.0,Female,Bangalore,Electronics,1392.82,4.0,0.0,2022-11-05,Card,5.0,9.0,Yes
1069.0,446.0,41.0,Other,Pune,Electronics,1663.07,3.0,0.0,2024-12-21,Card,1.5,10.0,No
1040.0,99.0,67.0,Male,Bangalore,Grocery,1019.82,4.0,0.0,2024-08-19,Card,2.0,12.0,No
1189.0,38.0,73.0,Male,,Grocery,550.42,5.0,0.0,2022-06-21,NetBanking,5.0,7.0,Yes
1112.0,281.0,61.0,Male,,Grocery,1932.82,1.0,0.0,2021-01-06,NetBanking,5.0,3.0,No
1039.0,91.0,52.0,Female,Pune,Beauty,1606.69,3.0,0.0,2023-09-11,Card,5.0,1.0,No
1102.0,141.0,40.0,Male,Chennai,Electronics,1424.66,3.0,0.0,2022-09-07,COD,3.0,1.0,No
1020.0,590.0,45.0,Male,Hyderabad,Electronics,89.13,3.0,0.0,2021-10-07,COD,2.0,12.0,No
1186.0,217.0,28.0,Male,Chennai,Toys,1615.11,3.0,5.0,2022-03-08,Card,2.0,3.0,Yes
1182.0,233.0,60.0,Female,Delhi,Clothing,1635.28,1.0,0.0,2023-05-30,Cash,5.0,14.0,No
1141.0,140.0,64.0,Other,Pune,Electronics,1274.447402952618,1.0,0.0,2022-04-02,UPI,5.0,2.0,No
1198.0,64.0,50.0,Male,Mumbai,Sports,1602.71,3.0,0.0,2022-03-10,COD,3.0,7.0,No
1064.0,560.0,71.0,Female,Bangalore,Grocery,1185.83,3.0,0.0,2021-06-11,UPI,5.0,2.0,Yes
1026.0,142.0,71.0,Male,Bangalore,Electronics,425.64,3.0,0.0,2022-11-29,Card,1.5,9.0,Yes
1032.0,125.0,45.0,Female,Hyderabad,Sports,1745.38,3.0,0.0,2024-05-05,Card,3.0,12.0,Yes
1098.0,130.0,45.0,Male,Pune,Home,764.26,5.0,0.0,2021-01-30,Card,3.0,5.0,No
1025.0,409.0,20.0,Female,Pune,Toys,1186.9,3.0,0.0,2023-07-15,Card,5.0,4.0,No
1194.0,331.0,49.0,Male,Hyderabad,Electronics,1059.18,1.0,0.0,2024-07-03,UPI,4.0,7.0,No
1151.0,198.0,45.0,Female,,Clothing,232.75,1.0,0.0,2021-05-26,NetBanking,5.0,10.0,No
1086.0,222.0,33.0,Male,,Electronics,2921.8112499999997,3.0,0.0,2024-09-12,NetBanking,4.0,12.0,No
1116.0,366.0,28.0,Female,Bangalore,Grocery,1803.58,5.0,0.0,2023-02-23,COD,4.0,7.0,No
1098.0,376.0,70.0,Male,Bangalore,Sports,1689.04,2.0,20.0,2022-03-07,NetBanking,3.0,7.0,Yes
1071.0,122.0,28.0,Male,Pune,Beauty,195.88,5.0,0.0,2022-03-19,Cash,1.5,13.0,No
1189.0,181.0,26.0,Male,Hyderabad,Electronics,1260.19,5.0,0.0,2022-02-19,Card,5.0,13.0,No
1171.0,197.0,23.0,Male,,Home,864.07,3.0,0.0,2023-01-24,NetBanking,1.5,7.0,No
1028.0,566.0,30.0,Male,Delhi,Grocery,1376.85,2.0,20.0,2022-08-11,UPI,3.0,4.0,No
1053.0,317.0,45.0,Male,Hyderabad,Beauty,1650.82,2.0,0.0,2022-08-22,Card,3.0,8.0,No
1011.0,123.0,65.0,Other,Pune,Clothing,244.11,1.0,0.0,2024-06-14,Card,3.0,7.0,Yes
1187.0,26.0,27.0,Male,Kolkata,Grocery,1660.88,1.0,10.0,2022-01-05,Card,3.0,6.0,No
1159.0,229.0,71.0,Other,Bangalore,Beauty,45.71,2.0,10.0,2024-03-10,Cash,5.0,3.0,No
1015.0,500.0,37.0,Male,Bangalore,Sports,1039.31,2.0,20.0,2021-05-09,Card,3.0,7.0,No
1174.0,136.0,43.0,Other,Mumbai,Clothing,1274.447402952618,3.0,0.0,2023-06-12,Card,2.0,14.0,Yes
1134.0,121.0,60.0,Female,Pune,Grocery,1150.97,2.0,20.0,2021-02-25,UPI,5.0,1.0,No
1186.0,162.0,50.0,Male,Pune,Grocery,1273.83,3.0,10.0,2022-09-03,Card,1.5,12.0,Yes
1035.0,158.0,26.0,Other,Kolkata,Clothing,960.98,2.0,20.0,2024-09-20,Cash,5.0,1.0,No
1160.0,28.0,56.0,Male,Bangalore,Beauty,1045.18,2.0,5.0,2023-07-12,NetBanking,3.0,2.0,No
1123.0,147.0,73.0,Female,Delhi,Sports,2921.8112499999997,5.0,0.0,2023-06-16,Card,5.0,7.0,No
1130.0,45.0,40.0,Male,Hyderabad,Beauty,449.28,4.0,0.0,2024-01-02,UPI,3.0,7.0,No
1128.0,182.0,27.0,Male,,Beauty,2921.8112499999997,3.0,0.0,2024-06-22,Card,3.0,8.0,No
1161.0,124.0,43.0,Other,Pune,Toys,2921.8112499999997,2.0,0.0,2023-05-20,NetBanking,3.0,7.0,Yes
1131.0,52.0,31.0,Female,Delhi,Sports,1129.8,3.0,0.0,2023-10-26,Cash,3.0,11.0,Yes
1113.0,392.0,44.0,Female,Kolkata,Electronics,14.19,1.0,5.0,2023-06-11,NetBanking,3.0,8.0,No
1129.0,59.0,45.0,Male,Bangalore,Grocery,1745.55,2.0,0.0,2022-04-05,NetBanking,3.0,6.0,Yes
1176.0,596.0,48.0,Female,Pune,Clothing,848.67,2.0,0.0,2021-11-10,UPI,5.0,10.0,Yes
1127.0,179.0,38.0,Male,Hyderabad,Home,1364.7,2.0,10.0,2022-10-17,Card,3.0,6.0,No
1051.0,466.0,60.0,Male,,Beauty,2921.8112499999997,2.0,0.0,2022-09-30,Card,5.0,13.0,Yes
1016.0,401.0,45.0,Female,Pune,Home,1196.02,2.0,20.0,2022-06-04,NetBanking,2.0,3.0,No
1091.0,61.0,46.0,Male,Pune,Sports,688.22,3.0,0.0,2024-07-29,Card,4.0,1.0,No
1097.0,241.0,47.0,Female,Pune,Clothing,1760.85,1.0,0.0,2023-05-08,Card,2.0,7.0,Yes
1052.0,227.0,45.0,Female,Pune,Clothing,1549.34,1.0,10.0,2023-03-11,Cash,1.5,11.0,Yes
1128.0,283.0,66.0,Other,,Sports,1345.18,1.0,0.0,2024-03-15,UPI,1.5,8.0,No
1115.0,460.0,45.0,Male,Bangalore,Toys,1055.23,4.0,10.0,2021-05-28,UPI,3.0,4.0,No
1053.0,448.0,38.0,Female,Kolkata,Toys,1274.447402952618,3.0,0.0,2021-08-09,UPI,1.5,9.0,Yes
1089.0,145.0,68.0,Male,Pune,Electronics,461.19,1.0,0.0,2022-06-27,Card,1.5,3.0,No
1100.0,557.0,45.0,Female,Hyderabad,Home,1274.447402952618,1.0,0.0,2021-12-29,UPI,5.0,8.0,Yes
1175.0,521.0,72.0,Male,,Sports,944.59,4.0,0.0,2022-02-14,Card,3.0,9.0,Yes
1143.0,244.0,26.0,Male,Pune,Clothing,545.23,4.0,15.0,2024-05-02,UPI,4.0,6.0,Yes
1073.0,563.0,45.0,Male,Pune,Home,1517.39,1.0,0.0,2021-01-12,NetBanking,5.0,7.0,No
1001.0,543.0,46.0,Male,Chennai,Sports,1521.11,3.0,0.0,2021-10-25,UPI,5.0,10.0,No
1065.0,429.0,58.0,Male,Pune,Home,1274.447402952618,3.0,0.0,2023-10-09,Card,3.0,11.0,Yes
1128.0,223.0,66.0,Female,Hyderabad,Clothing,409.3,2.0,5.0,2021-12-29,Card,3.0,1.0,Yes
1062.0,436.0,23.0,Other,Chennai,Electronics,1089.67,4.0,0.0,2021-08-12,Card,5.0,7.0,Yes
1127.0,328.0,49.0,Female,Mumbai,Sports,607.97,4.0,0.0,2023-12-29,UPI,3.0,9.0,Yes
1081.0,315.0,63.0,Male,Mumbai,Home,1803.58,4.0,5.0,2024-09-01,UPI,3.0,11.0,No
1175.0,335.0,42.0,Male,Pune,Clothing,1322.66,5.0,0.0,2024-06-14,Card,5.0,7.0,No
1024.0,385.0,19.0,Male,Pune,Grocery,1314.01,5.0,0.0,2021-10-10,COD,5.0,10.0,No
1059.0,280.0,24.0,Other,Pune,Toys,1331.73,1.0,10.0,2023-07-08,COD,2.0,14.0,No
1186.0,247.0,45.0,Female,Pune,Electronics,1391.96,5.0,0.0,2023-01-28,UPI,3.0,7.0,No
1001.0,74.0,73.0,Other,Pune,Beauty,1859.56,3.0,0.0,2024-11-02,Card,2.0,6.0,Yes
1135.0,109.0,34.0,Female,Kolkata,Clothing,16.3,5.0,0.0,2021-05-18,Card,3.0,2.0,Yes
1175.0,406.0,36.0,Female,,Sports,814.44,3.0,0.0,2022-09-22,UPI,3.0,7.0,No
1115.0,300.0,69.0,Male,Pune,Clothing,1274.447402952618,3.0,0.0,2023-04-29,NetBanking,3.0,5.0,Yes
1034.0,68.0,26.0,Female,Pune,Clothing,266.41,5.0,0.0,2021-03-28,Card,5.0,9.0,No
1143.0,277.0,32.0,Female,Pune,Beauty,197.13,5.0,10.0,2022-09-12,Card,4.0,7.0,No
1103.0,402.0,43.0,Female,Pune,Beauty,78.58,2.0,0.0,2021-03-31,Cash,2.0,14.0,No
1095.0,599.0,71.0,Male,,Toys,2921.8112499999997,3.0,10.0,2021-02-05,UPI,3.0,7.0,Yes
1146.0,224.0,20.0,Male,Bangalore,Grocery,1331.73,3.0,0.0,2023-12-10,Card,3.0,12.0,No
1149.0,18.0,63.0,Female,Kolkata,Toys,1893.82,5.0,15.0,2023-06-16,Card,3.0,1.0,Yes
1050.0,41.0,68.0,Male,,Grocery,764.03,5.0,10.0,2023-07-09,NetBanking,5.0,4.0,No
1023.0,371.0,26.0,Male,Pune,Clothing,680.31,5.0,0.0,2022-10-18,NetBanking,3.0,6.0,Yes
1144.0,332.0,33.0,Female,Pune,Sports,1896.74,1.0,15.0,2021-01-30,UPI,4.0,3.0,No
1110.0,62.0,73.0,Male,,Beauty,1575.63,2.0,20.0,2021-06-11,UPI,3.0,7.0,No
1142.0,426.0,62.0,Female,Pune,Beauty,460.44,3.0,20.0,2021-06-14,Card,5.0,8.0,Yes
1177.0,271.0,52.0,Female,Mumbai,Electronics,390.61,2.0,10.0,2024-11-06,Card,3.0,8.0,Yes
1061.0,194.0,43.0,Male,Chennai,Home,1190.1,2.0,20.0,2022-01-25,Card,5.0,11.0,No
1026.0,184.0,47.0,Male,Pune,Beauty,1655.36,3.0,15.0,2022-11-06,COD,3.0,1.0,No
1151.0,600.0,25.0,Other,Chennai,Grocery,1376.85,1.0,15.0,2024-12-14,UPI,3.0,5.0,Yes
1047.0,284.0,60.0,Female,Pune,Home,576.97,3.0,5.0,2024-12-18,Card,3.0,2.0,Yes
1050.0,196.0,41.0,Male,Mumbai,Home,2921.8112499999997,4.0,15.0,2022-07-25,Card,4.0,13.0,Yes
1159.0,231.0,65.0,Other,Mumbai,Sports,1725.35,1.0,20.0,2024-02-26,Card,5.0,4.0,No
1116.0,482.0,37.0,Male,,Home,862.97,1.0,10.0,2024-04-27,COD,3.0,12.0,No
1074.0,11.0,50.0,Male,,Grocery,1615.11,2.0,15.0,2024-06-24,Cash,5.0,2.0,No
1095.0,493.0,45.0,Male,Kolkata,Beauty,1138.67,3.0,10.0,2021-01-16,COD,3.0,7.0,Yes
1129.0,571.0,60.0,Female,Kolkata,Toys,1056.37,2.0,0.0,2023-11-29,Cash,5.0,7.0,No
1119.0,297.0,41.0,Male,Mumbai,Grocery,534.0,3.0,0.0,2024-01-25,UPI,3.0,7.0,No
1098.0,275.0,45.0,Male,Pune,Beauty,787.55,3.0,15.0,2021-12-16,NetBanking,5.0,7.0,Yes
1117.0,495.0,60.0,Male,Hyderabad,Sports,157.74,2.0,0.0,2022-02-27,Card,5.0,11.0,Yes
1007.0,575.0,41.0,Male,Delhi,Beauty,1246.48,4.0,10.0,2024-12-29,NetBanking,5.0,12.0,No
1057.0,440.0,67.0,Male,Pune,Electronics,892.48,3.0,0.0,2023-08-08,UPI,4.0,9.0,No
1196.0,354.0,71.0,Male,Chennai,Toys,1274.447402952618,3.0,5.0,2022-11-16,COD,3.0,8.0,Yes
1134.0,582.0,64.0,Male,Pune,Electronics,765.21,2.0,0.0,2024-08-01,Card,3.0,13.0,No
1184.0,270.0,38.0,Male,Pune,Sports,195.88,2.0,15.0,2021-06-20,NetBanking,4.0,4.0,No
1123.0,551.0,35.0,Male,Pune,Home,230.39,2.0,10.0,2022-02-25,Card,3.0,7.0,No
1156.0,587.0,29.0,Female,Mumbai,Sports,1274.447402952618,3.0,0.0,2024-09-25,Card,4.0,13.0,Yes
1053.0,79.0,22.0,Female,Pune,Toys,1184.67,3.0,20.0,2022-09-20,Cash,5.0,12.0,No
1125.0,225.0,62.0,Male,Pune,Toys,1055.23,5.0,0.0,2023-12-25,Card,2.0,7.0,No
1013.0,85.0,65.0,Male,Delhi,Beauty,1695.37,1.0,0.0,2023-05-28,COD,5.0,1.0,Yes
1136.0,193.0,73.0,Male,Delhi,Grocery,888.04,1.0,0.0,2023-09-13,UPI,3.0,8.0,No
1096.0,245.0,36.0,Other,,Grocery,45.82,1.0,0.0,2024-08-03,COD,2.0,7.0,No
1159.0,201.0,43.0,Male,Pune,Toys,74.96,5.0,0.0,2024-06-26,UPI,5.0,13.0,No
1045.0,373.0,45.0,Male,Pune,Grocery,1094.21,3.0,0.0,2023-08-11,UPI,5.0,12.0,Yes
1133.0,170.0,29.0,Male,Pune,Electronics,1650.82,5.0,15.0,2023-04-29,UPI,1.5,7.0,Yes
1187.0,97.0,16.0,Female,Kolkata,Grocery,1620.27,5.0,15.0,2024-02-10,Card,5.0,12.0,No
1110.0,93.0,34.0,Male,,Toys,440.02,4.0,0.0,2023-06-09,Card,3.0,10.0,Yes
1022.0,527.0,21.0,Male,Hyderabad,Clothing,146.33,3.0,0.0,2024-05-03,Card,2.0,4.0,No
1004.0,455.0,74.0,Female,Pune,Grocery,1989.77,2.0,0.0,2022-08-05,UPI,3.0,7.0,No
1100.0,593.0,28.0,Male,Delhi,Beauty,718.81,1.0,0.0,2023-04-26,Card,1.5,2.0,Yes
1083.0,307.0,69.0,Male,Hyderabad,Toys,476.03,4.0,20.0,2024-05-01,UPI,1.5,5.0,No
1074.0,178.0,31.0,Female,Chennai,Beauty,876.66,3.0,10.0,2021-03-13,Card,3.0,11.0,No
1041.0,146.0,21.0,Female,Mumbai,Clothing,438.9,5.0,0.0,2023-05-07,NetBanking,3.0,11.0,No
1164.0,195.0,51.0,Female,Pune,Sports,523.76,5.0,0.0,2022-12-11,Card,1.5,10.0,No
1146.0,291.0,47.0,Male,Pune,Beauty,1358.0,5.0,0.0,2022-01-11,NetBanking,5.0,6.0,Yes
1190.0,503.0,23.0,Male,Pune,Sports,588.27,2.0,0.0,2021-12-07,Card,4.0,5.0,Yes
1052.0,19.0,40.0,Other,Delhi,Beauty,733.75,4.0,0.0,2021-07-29,Cash,2.0,4.0,No
1189.0,40.0,31.0,Male,Mumbai,Electronics,1274.447402952618,3.0,15.0,2024-06-27,COD,5.0,2.0,No
1053.0,76.0,32.0,Male,Kolkata,Grocery,523.76,4.0,0.0,2023-09-12,Card,3.0,7.0,No
1007.0,451.0,17.0,Female,Delhi,Electronics,1478.76,1.0,0.0,2024-10-22,UPI,3.0,10.0,Yes
1094.0,86.0,42.0,Female,Pune,Toys,673.48,3.0,20.0,2023-08-06,NetBanking,3.0,1.0,No
1151.0,295.0,45.0,Other,Hyderabad,Beauty,925.72,2.0,10.0,2023-03-22,Card,5.0,8.0,No
1139.0,487.0,32.0,Male,Hyderabad,Clothing,1653.82,5.0,0.0,2021-07-06,Card,3.0,14.0,No
1057.0,387.0,40.0,Female,,Clothing,2921.8112499999997,5.0,0.0,2021-03-13,UPI,3.0,14.0,No
1002.0,188.0,27.0,Female,Hyderabad,Sports,1635.35,3.0,5.0,2022-07-24,UPI,1.5,9.0,Yes
1138.0,243.0,64.0,Female,Chennai,Electronics,1246.48,1.0,20.0,2021-08-25,Card,1.5,7.0,Yes
1040.0,119.0,45.0,Male,Pune,Beauty,633.19,4.0,5.0,2021-11-07,UPI,3.0,6.0,Yes
1046.0,516.0,71.0,Male,Delhi,Sports,515.41,3.0,0.0,2022-09-10,Card,3.0,12.0,Yes
1027.0,164.0,35.0,Other,Delhi,Sports,234.76,2.0,0.0,2021-01-08,Card,1.5,9.0,No
1154.0,399.0,36.0,Other,Hyderabad,Beauty,14.61,1.0,0.0,2022-01-11,UPI,3.0,5.0,Yes
1019.0,420.0,45.0,Male,Kolkata,Toys,195.88,2.0,0.0,2024-12-25,UPI,3.0,2.0,Yes
1041.0,274.0,25.0,Male,Pune,Beauty,197.13,4.0,10.0,2022-03-29,Card,2.0,9.0,Yes
1111.0,308.0,59.0,Male,Delhi,Home,1069.66,3.0,5.0,2021-05-30,COD,4.0,5.0,Yes
1159.0,288.0,16.0,Male,Delhi,Electronics,1960.42,3.0,10.0,2024-05-20,COD,3.0,2.0,No
1131.0,73.0,25.0,Male,Kolkata,Toys,197.13,3.0,0.0,2022-11-01,Card,3.0,7.0,Yes
1028.0,514.0,49.0,Male,Delhi,Toys,1908.53,3.0,0.0,2022-07-13,COD,5.0,8.0,Yes
1084.0,522.0,48.0,Male,,Electronics,1724.87,5.0,20.0,2024-08-12,Cash,3.0,11.0,No
1058.0,33.0,43.0,Other,Hyderabad,Clothing,732.57,5.0,20.0,2024-08-03,Card,3.0,7.0,No
1129.0,400.0,20.0,Male,Chennai,Toys,1677.92,5.0,10.0,2023-09-08,COD,3.0,2.0,Yes
1133.0,75.0,59.0,Female,Hyderabad,Home,351.98,2.0,10.0,2021-05-29,Cash,3.0,14.0,No
1187.0,35.0,46.0,Male,Chennai,Home,1808.18,1.0,0.0,2024-10-30,UPI,3.0,11.0,Yes
1028.0,157.0,36.0,Male,Hyderabad,Grocery,460.3,3.0,10.0,2022-02-09,COD,5.0,7.0,No
1134.0,330.0,65.0,Male,Delhi,Home,1095.31,4.0,0.0,2023-06-03,NetBanking,2.0,7.0,No
1052.0,58.0,73.0,Female,Hyderabad,Beauty,1517.39,4.0,0.0,2024-04-01,Card,3.0,6.0,Yes
1043.0,82.0,55.0,Male,Kolkata,Beauty,261.25,3.0,0.0,2021-10-21,NetBanking,3.0,1.0,No
1169.0,34.0,29.0,Other,Hyderabad,Toys,1274.447402952618,3.0,20.0,2022-04-17,Card,3.0,5.0,No
1060.0,355.0,45.0,Other,Pune,Sports,780.91,1.0,0.0,2023-06-22,Card,5.0,11.0,No
1012.0,414.0,45.0,Female,Pune,Sports,1269.48,1.0,15.0,2024-02-22,UPI,1.5,4.0,Yes
1179.0,2.0,45.0,Female,Mumbai,Sports,64.08,1.0,0.0,2021-06-26,NetBanking,3.0,5.0,No
1038.0,407.0,21.0,Male,Pune,Toys,774.64,1.0,0.0,2024-04-13,UPI,3.0,11.0,No
1179.0,532.0,26.0,Other,Mumbai,Home,1274.447402952618,1.0,5.0,2023-05-31,Cash,3.0,7.0,No
1068.0,504.0,55.0,Male,Bangalore,Toys,519.53,1.0,15.0,2021-01-04,NetBanking,3.0,10.0,No
1160.0,262.0,43.0,Male,Pune,Electronics,1230.81,3.0,0.0,2023-03-09,NetBanking,3.0,12.0,No
1081.0,92.0,53.0,Male,Pune,Toys,343.05,5.0,0.0,2023-06-08,UPI,5.0,4.0,No
1126.0,485.0,59.0,Male,Pune,Beauty,14.61,1.0,5.0,2024-04-19,Cash,3.0,5.0,No
1059.0,453.0,41.0,Female,Hyderabad,Sports,750.15,1.0,20.0,2023-04-21,Card,5.0,8.0,No
1032.0,323.0,26.0,Male,Kolkata,Beauty,157.74,3.0,0.0,2023-04-21,Card,2.0,12.0,Yes
1154.0,192.0,23.0,Female,Pune,Home,99.26,1.0,0.0,2023-10-26,NetBanking,5.0,7.0,No
1064.0,103.0,60.0,Male,Pune,Beauty,138.34,1.0,10.0,2022-10-23,NetBanking,1.5,13.0,Yes
1134.0,47.0,74.0,Female,Mumbai,Sports,1138.67,3.0,0.0,2023-07-05,NetBanking,1.5,6.0,No
1027.0,172.0,46.0,Male,Bangalore,Beauty,1822.25,5.0,0.0,2022-08-13,Card,5.0,7.0,Yes
1021.0,339.0,72.0,Male,Pune,Beauty,2921.8112499999997,4.0,5.0,2023-11-15,Card,2.0,2.0,Yes
1169.0,445.0,45.0,Other,Pune,Home,658.39,2.0,0.0,2022-10-15,Card,3.0,11.0,No
1032.0,116.0,41.0,Male,,Sports,1248.81,1.0,10.0,2021-07-11,UPI,3.0,1.0,Yes
1197.0,190.0,43.0,Male,Pune,Sports,1274.447402952618,2.0,0.0,2024-05-25,Card,3.0,7.0,No
1121.0,490.0,40.0,Female,Hyderabad,Clothing,1274.447402952618,1.0,0.0,2021-07-13,COD,4.0,7.0,No
1089.0,481.0,54.0,Male,Chennai,Electronics,887.73,2.0,20.0,2022-03-17,Cash,3.0,9.0,No
1129.0,226.0,40.0,Male,Pune,Grocery,272.07,2.0,0.0,2021-12-21,Cash,2.0,3.0,Yes
1051.0,261.0,21.0,Male,,Toys,124.9,1.0,0.0,2023-09-03,UPI,3.0,7.0,No
1190.0,379.0,26.0,Male,Kolkata,Home,1822.25,4.0,0.0,2021-10-25,UPI,5.0,8.0,No
1089.0,578.0,34.0,Female,Delhi,Home,1635.2,5.0,0.0,2024-11-10,NetBanking,2.0,5.0,No
1012.0,159.0,45.0,Male,Pune,Home,1777.2,1.0,0.0,2024-05-17,Cash,4.0,10.0,No
1179.0,203.0,52.0,Male,Hyderabad,Clothing,520.82,1.0,0.0,2021-01-13,Card,2.0,9.0,Yes
1102.0,189.0,39.0,Female,Mumbai,Home,1590.04,1.0,0.0,2022-02-11,UPI,4.0,4.0,Yes
1094.0,375.0,38.0,Female,Mumbai,Sports,244.11,1.0,15.0,2022-05-06,Card,3.0,6.0,No
1146.0,473.0,40.0,Male,Mumbai,Beauty,97.88,3.0,0.0,2021-05-15,Card,2.0,8.0,Yes
1113.0,585.0,16.0,Female,Pune,Electronics,636.69,3.0,0.0,2022-09-05,Card,3.0,4.0,Yes
1043.0,565.0,17.0,Male,Pune,Grocery,1202.25,3.0,20.0,2024-01-02,Card,1.5,7.0,No
1115.0,378.0,46.0,Other,Pune,Toys,2921.8112499999997,3.0,0.0,2021-10-31,UPI,3.0,10.0,Yes
1105.0,77.0,45.0,Female,Pune,Home,1912.09,2.0,0.0,2023-05-02,Card,3.0,14.0,Yes
1088.0,497.0,62.0,Female,Delhi,Beauty,1511.7,1.0,15.0,2023-07-16,Card,3.0,6.0,Yes
1044.0,102.0,40.0,Female,Hyderabad,Beauty,1510.67,1.0,0.0,2022-06-14,COD,1.5,14.0,No
1062.0,476.0,43.0,Male,Kolkata,Toys,963.35,3.0,0.0,2022-05-05,UPI,2.0,12.0,No
1003.0,78.0,53.0,Male,Pune,Sports,45.71,1.0,0.0,2024-12-27,Card,3.0,3.0,Yes
1042.0,564.0,72.0,Male,Hyderabad,Sports,1454.18,3.0,0.0,2024-12-18,UPI,5.0,13.0,No
1065.0,165.0,72.0,Male,Pune,Grocery,560.12,4.0,0.0,2022-12-03,Card,2.0,7.0,No
1110.0,352.0,19.0,Male,Pune,Clothing,1777.2,4.0,0.0,2022-02-09,Card,3.0,9.0,No
1087.0,12.0,56.0,Male,Pune,Toys,268.8,4.0,5.0,2022-12-01,Card,5.0,6.0,No
1115.0,240.0,33.0,Male,Delhi,Home,2921.8112499999997,3.0,0.0,2022-03-05,NetBanking,2.0,7.0,No
1191.0,353.0,25.0,Female,Pune,Clothing,1789.96,2.0,0.0,2024-05-22,Card,5.0,2.0,No
1147.0,251.0,64.0,Female,,Clothing,906.69,2.0,20.0,2021-06-08,UPI,3.0,14.0,No
1066.0,382.0,23.0,Female,Kolkata,Toys,1803.58,2.0,15.0,2023-09-26,COD,1.5,1.0,No
1032.0,525.0,36.0,Male,Chennai,Toys,951.21,3.0,0.0,2024-09-16,Card,5.0,9.0,Yes
1059.0,415.0,64.0,Female,Bangalore,Home,339.6,3.0,20.0,2024-11-05,NetBanking,5.0,10.0,No
1129.0,220.0,45.0,Male,Mumbai,Electronics,1585.52,1.0,5.0,2022-01-16,UPI,2.0,10.0,Yes
1181.0,344.0,45.0,Male,Chennai,Clothing,981.87,1.0,0.0,2022-01-10,Card,5.0,12.0,No
1135.0,329.0,53.0,Female,Mumbai,Beauty,1983.57,1.0,10.0,2023-12-07,COD,3.0,10.0,Yes
1068.0,239.0,16.0,Male,Mumbai,Clothing,2921.8112499999997,5.0,0.0,2024-11-12,Card,3.0,10.0,Yes
1104.0,581.0,35.0,Female,Pune,Beauty,951.21,3.0,10.0,2024-05-02,Card,3.0,5.0,No
1045.0,365.0,17.0,Male,Pune,Home,342.59,1.0,15.0,2024-09-16,Card,3.0,12.0,No
1114.0,425.0,37.0,Male,Pune,Toys,2921.8112499999997,3.0,0.0,2021-03-05,UPI,3.0,3.0,Yes
1023.0,238.0,69.0,Other,Mumbai,Sports,630.68,4.0,0.0,2024-04-28,UPI,3.0,7.0,Yes
1085.0,163.0,34.0,Female,Hyderabad,Electronics,1067.32,3.0,5.0,2024-05-16,Card,2.0,7.0,No
1085.0,432.0,32.0,Male,Delhi,Toys,1212.1,3.0,0.0,2023-04-18,Card,5.0,5.0,No
1093.0,461.0,38.0,Female,Pune,Sports,1715.18,2.0,5.0,2023-10-30,COD,3.0,11.0,No
1083.0,175.0,69.0,Male,Pune,Grocery,1064.68,2.0,0.0,2021-06-12,UPI,3.0,10.0,No
1038.0,265.0,46.0,Male,Kolkata,Clothing,1185.83,3.0,5.0,2023-06-01,UPI,1.5,13.0,Yes
1171.0,65.0,38.0,Male,Pune,Sports,2921.8112499999997,2.0,0.0,2023-05-02,Card,4.0,7.0,No
1128.0,488.0,45.0,Female,Pune,Home,1354.09,4.0,0.0,2024-03-07,UPI,3.0,2.0,No
1053.0,296.0,54.0,Male,Pune,Beauty,1067.88,3.0,5.0,2024-11-25,COD,5.0,7.0,Yes
1011.0,208.0,32.0,Male,Chennai,Grocery,831.22,4.0,15.0,2024-11-23,Card,3.0,11.0,No
1087.0,107.0,45.0,Male,Pune,Beauty,519.53,4.0,0.0,2021-07-11,NetBanking,3.0,7.0,No
1143.0,510.0,52.0,Other,Kolkata,Electronics,1989.77,4.0,0.0,2024-06-02,Card,5.0,10.0,Yes
1103.0,72.0,24.0,Male,Hyderabad,Grocery,1678.71,3.0,0.0,2024-06-23,COD,2.0,7.0,Yes
1157.0,22.0,74.0,Female,Pune,Clothing,460.44,2.0,0.0,2022-03-23,Card,3.0,1.0,Yes
1141.0,324.0,66.0,Male,Chennai,Grocery,1274.447402952618,3.0,0.0,2022-12-15,Card,3.0,6.0,No
1037.0,23.0,34.0,Male,Delhi,Sports,1186.9,3.0,0.0,2022-04-05,Cash,5.0,10.0,No
1195.0,457.0,66.0,Female,Kolkata,Grocery,900.73,3.0,10.0,2021-08-27,COD,3.0,4.0,Yes
1160.0,403.0,57.0,Female,Pune,Clothing,686.16,3.0,0.0,2022-12-21,NetBanking,4.0,8.0,No
1036.0,370.0,63.0,Male,,Beauty,769.41,3.0,0.0,2021-07-06,NetBanking,3.0,6.0,No
1031.0,430.0,63.0,Male,Chennai,Beauty,409.3,2.0,10.0,2021-10-12,NetBanking,2.0,12.0,No
1021.0,30.0,27.0,Other,Pune,Clothing,1614.33,1.0,0.0,2022-01-02,COD,2.0,7.0,Yes
1102.0,9.0,38.0,Male,,Sports,1274.447402952618,5.0,0.0,2024-02-03,Card,3.0,11.0,No
1159.0,545.0,52.0,Male,Pune,Beauty,652.79,4.0,0.0,2023-04-25,Card,5.0,7.0,No
1035.0,598.0,65.0,Male,Pune,Grocery,183.49,1.0,20.0,2024-03-19,NetBanking,4.0,13.0,No
1092.0,576.0,69.0,Male,Pune,Clothing,1695.37,3.0,0.0,2024-12-02,Cash,3.0,7.0,No
1183.0,234.0,20.0,Female,Hyderabad,Toys,263.63,5.0,0.0,2022-04-08,UPI,3.0,14.0,Yes
1114.0,580.0,48.0,Female,Bangalore,Clothing,1248.81,2.0,10.0,2024-01-07,UPI,1.5,7.0,No
1008.0,289.0,64.0,Other,Chennai,Toys,1734.11,2.0,10.0,2023-10-27,Cash,3.0,12.0,Yes
1174.0,394.0,65.0,Male,Mumbai,Sports,1462.42,2.0,5.0,2021-05-21,Card,3.0,8.0,No
1098.0,597.0,21.0,Male,Chennai,Electronics,1274.447402952618,3.0,0.0,2021-11-28,Card,5.0,9.0,No
1087.0,21.0,28.0,Male,,Toys,1960.42,3.0,0.0,2022-09-01,Card,2.0,11.0,Yes
1088.0,31.0,24.0,Male,Hyderabad,Clothing,764.03,2.0,0.0,2023-07-01,NetBanking,3.0,13.0,No
1081.0,266.0,20.0,Female,,Toys,951.07,2.0,0.0,2024-05-05,Card,4.0,14.0,No
1005.0,458.0,22.0,Male,,Toys,652.79,4.0,0.0,2024-09-20,NetBanking,5.0,6.0,Yes
1163.0,253.0,48.0,Other,Kolkata,Clothing,1094.25,2.0,20.0,2023-08-20,Cash,4.0,1.0,Yes
1054.0,43.0,50.0,Male,Pune,Electronics,903.22,5.0,15.0,2022-09-22,COD,5.0,7.0,Yes
1140.0,567.0,26.0,Male,,Beauty,1462.42,5.0,0.0,2021-07-20,COD,5.0,7.0,No
1180.0,374.0,72.0,Male,Pune,Beauty,1321.06,3.0,10.0,2024-10-19,Card,1.5,10.0,Yes
1112.0,218.0,61.0,Other,Pune,Sports,1282.82,3.0,0.0,2021-02-13,UPI,3.0,2.0,No
1169.0,408.0,45.0,Male,Pune,Clothing,1638.23,4.0,0.0,2021-03-17,Cash,3.0,2.0,No
1014.0,447.0,43.0,Male,Delhi,Sports,1579.72,2.0,0.0,2023-04-10,Card,5.0,13.0,No
1105.0,471.0,66.0,Female,Pune,Clothing,1229.67,3.0,10.0,2022-10-11,Card,3.0,7.0,Yes
1047.0,292.0,49.0,Female,Pune,Beauty,755.86,5.0,10.0,2022-03-23,Card,5.0,13.0,No
1146.0,534.0,45.0,Male,Hyderabad,Sports,1647.69,2.0,20.0,2023-08-20,UPI,3.0,5.0,Yes
1052.0,452.0,60.0,Male,Pune,Toys,785.85,1.0,15.0,2023-07-21,Cash,3.0,7.0,Yes
1035.0,418.0,60.0,Female,Delhi,Toys,188.73,4.0,5.0,2021-07-14,COD,2.0,1.0,No
1150.0,154.0,36.0,Male,Pune,Beauty,1424.66,1.0,10.0,2024-04-29,NetBanking,3.0,7.0,Yes
1159.0,160.0,52.0,Male,Delhi,Toys,146.33,2.0,0.0,2021-01-22,NetBanking,1.5,7.0,No
1070.0,105.0,51.0,Male,Pune,Clothing,1321.06,5.0,0.0,2022-12-27,Card,5.0,14.0,Yes
1034.0,572.0,59.0,Male,Bangalore,Electronics,1129.8,2.0,5.0,2021-03-01,Card,5.0,7.0,No
1196.0,519.0,21.0,Male,Chennai,Electronics,2921.8112499999997,3.0,0.0,2024-02-06,Card,3.0,5.0,Yes
1043.0,174.0,68.0,Male,Pune,Electronics,1274.447402952618,1.0,5.0,2023-02-13,Card,5.0,11.0,No
1032.0,334.0,30.0,Female,,Clothing,346.47,2.0,0.0,2023-07-13,Card,1.5,12.0,No
1095.0,536.0,46.0,Other,Pune,Clothing,1706.59,4.0,0.0,2024-09-01,COD,1.5,10.0,No
1071.0,6.0,64.0,Female,Pune,Beauty,1803.58,4.0,0.0,2021-11-04,Card,3.0,10.0,Yes
1189.0,518.0,60.0,Female,Hyderabad,Sports,99.26,4.0,0.0,2024-11-10,Card,3.0,4.0,Yes
1020.0,348.0,66.0,Male,Pune,Sports,1186.9,2.0,10.0,2024-10-10,UPI,2.0,6.0,No
1178.0,555.0,30.0,Other,Hyderabad,Clothing,108.5,2.0,0.0,2022-04-13,UPI,1.5,7.0,Yes
1157.0,340.0,53.0,Male,Pune,Toys,351.98,1.0,15.0,2022-12-19,UPI,3.0,10.0,No
1068.0,538.0,70.0,Female,Mumbai,Grocery,646.14,1.0,10.0,2021-01-30,NetBanking,3.0,7.0,No
1038.0,209.0,24.0,Male,Bangalore,Electronics,1274.447402952618,1.0,20.0,2021-01-19,Card,3.0,12.0,No
1059.0,54.0,54.0,Other,Pune,Sports,60.03,3.0,0.0,2024-07-30,Card,5.0,9.0,Yes
1143.0,467.0,45.0,Male,Chennai,Electronics,462.54,1.0,0.0,2021-10-05,COD,3.0,7.0,Yes
1033.0,492.0,25.0,Male,Pune,Beauty,800.79,4.0,0.0,2021-05-24,COD,5.0,13.0,No
1189.0,437.0,64.0,Male,Mumbai,Clothing,253.64,3.0,20.0,2023-02-23,NetBanking,3.0,12.0,No
1006.0,276.0,34.0,Male,Pune,Toys,1502.2,3.0,20.0,2022-05-09,NetBanking,5.0,13.0,No
1109.0,314.0,45.0,Female,Delhi,Toys,128.35,5.0,0.0,2024-11-17,Card,3.0,8.0,No
1093.0,517.0,74.0,Male,Pune,Sports,1526.19,1.0,5.0,2022-12-12,COD,2.0,2.0,No
1193.0,316.0,62.0,Female,,Grocery,195.13,3.0,0.0,2021-03-17,UPI,3.0,6.0,Yes
1187.0,377.0,31.0,Female,Pune,Clothing,1274.447402952618,5.0,0.0,2021-08-27,Card,4.0,6.0,Yes
1165.0,305.0,27.0,Female,Hyderabad,Sports,460.44,5.0,0.0,2022-03-30,UPI,3.0,7.0,Yes
1048.0,32.0,45.0,Other,Pune,Electronics,1725.35,2.0,0.0,2021-07-03,NetBanking,1.5,13.0,No
1145.0,312.0,74.0,Other,Pune,Home,1354.09,3.0,15.0,2023-02-02,NetBanking,3.0,6.0,No
1034.0,133.0,16.0,Male,Hyderabad,Sports,1274.447402952618,3.0,0.0,2022-12-18,Cash,3.0,7.0,Yes
1147.0,327.0,45.0,Male,Mumbai,Electronics,45.82,4.0,0.0,2024-04-13,Card,3.0,2.0,No
1074.0,301.0,69.0,Other,Chennai,Grocery,1680.53,3.0,0.0,2023-03-20,UPI,5.0,7.0,No
1089.0,255.0,56.0,Male,Bangalore,Sports,14.61,4.0,5.0,2023-05-26,UPI,3.0,3.0,Yes
1003.0,358.0,45.0,Male,Pune,Toys,2921.8112499999997,5.0,0.0,2021-09-15,Card,3.0,7.0,No
1052.0,94.0,23.0,Female,,Grocery,905.19,2.0,0.0,2021-03-11,COD,3.0,11.0,Yes
1163.0,591.0,45.0,Male,Bangalore,Electronics,177.94,2.0,0.0,2023-07-06,UPI,5.0,4.0,Yes
1147.0,258.0,36.0,Male,Pune,Beauty,1094.25,2.0,0.0,2023-09-29,COD,1.5,2.0,No
1010.0,269.0,45.0,Male,Pune,Electronics,351.98,1.0,0.0,2022-07-26,Card,5.0,7.0,No
1161.0,579.0,35.0,Female,Pune,Grocery,124.9,1.0,0.0,2022-07-23,Card,3.0,7.0,No
1057.0,29.0,34.0,Male,Bangalore,Home,975.86,1.0,0.0,2021-05-17,COD,5.0,10.0,Yes
1100.0,135.0,28.0,Male,Pune,Toys,1959.77,2.0,0.0,2023-08-18,Card,3.0,7.0,Yes
1098.0,410.0,56.0,Male,Pune,Clothing,1274.447402952618,3.0,0.0,2022-02-04,NetBanking,5.0,1.0,No
1173.0,390.0,18.0,Female,Bangalore,Sports,780.91,5.0,5.0,2022-07-29,Cash,4.0,11.0,No
1001.0,20.0,37.0,Male,Chennai,Home,1274.447402952618,4.0,0.0,2023-03-27,Card,2.0,4.0,No
1152.0,310.0,45.0,Female,Pune,Beauty,1231.42,4.0,0.0,2023-02-18,Cash,2.0,7.0,Yes
1007.0,345.0,45.0,Male,Pune,Electronics,572.04,4.0,0.0,2022-10-01,Card,3.0,7.0,No
1197.0,230.0,45.0,Male,Pune,Sports,747.09,4.0,0.0,2023-04-06,Card,5.0,8.0,Yes
1050.0,343.0,30.0,Male,Hyderabad,Home,1725.35,5.0,0.0,2022-08-29,Card,3.0,2.0,Yes
1098.0,309.0,20.0,Other,Hyderabad,Beauty,905.75,2.0,15.0,2023-01-29,Card,3.0,9.0,No
1113.0,469.0,53.0,Other,Bangalore,Beauty,1585.48,2.0,20.0,2024-08-16,COD,3.0,8.0,No
1136.0,404.0,45.0,Male,Pune,Grocery,999.54,1.0,0.0,2023-03-15,UPI,1.5,12.0,No
1130.0,211.0,45.0,Female,Mumbai,Clothing,197.36,3.0,0.0,2023-01-21,COD,1.5,13.0,No
1096.0,350.0,20.0,Other,Bangalore,Toys,1356.09,3.0,5.0,2021-02-17,Card,5.0,11.0,Yes
1172.0,419.0,42.0,Female,Bangalore,Home,1069.66,3.0,0.0,2021-08-16,Cash,3.0,12.0,No
1145.0,81.0,28.0,Male,Pune,Grocery,1956.34,2.0,15.0,2023-06-03,Cash,5.0,3.0,Yes
1199.0,191.0,68.0,Male,Pune,Grocery,862.97,2.0,15.0,2021-01-26,Card,3.0,7.0,Yes
1107.0,454.0,29.0,Female,Kolkata,Sports,1274.447402952618,2.0,5.0,2023-10-08,NetBanking,4.0,3.0,No
1167.0,465.0,45.0,Male,Bangalore,Clothing,2921.8112499999997,3.0,0.0,2023-07-05,Card,3.0,13.0,No
1187.0,449.0,29.0,Male,Chennai,Beauty,1896.74,3.0,0.0,2022-06-18,Card,5.0,14.0,Yes
1051.0,151.0,60.0,Male,Pune,Clothing,687.36,2.0,0.0,2021-04-21,Cash,5.0,6.0,Yes
1014.0,88.0,17.0,Male,Hyderabad,Clothing,719.78,2.0,20.0,2024-08-18,Cash,3.0,12.0,Yes
1080.0,573.0,20.0,Female,Pune,Beauty,1695.81,3.0,0.0,2022-08-01,UPI,5.0,12.0,No
1123.0,369.0,58.0,Male,Delhi,Home,409.3,3.0,20.0,2023-10-10,NetBanking,4.0,1.0,Yes
1047.0,126.0,73.0,Male,Chennai,Clothing,89.13,3.0,20.0,2022-08-08,Cash,5.0,1.0,No
1092.0,249.0,74.0,Female,Pune,Toys,98.33,3.0,0.0,2023-03-03,Card,5.0,14.0,No
1034.0,359.0,45.0,Female,Bangalore,Electronics,173.59,3.0,0.0,2023-04-24,Cash,5.0,8.0,Yes
1160.0,553.0,26.0,Male,Pune,Beauty,461.19,3.0,0.0,2024-06-14,UPI,3.0,7.0,No
1015.0,540.0,70.0,Female,Pune,Electronics,253.64,1.0,0.0,2024-11-05,UPI,5.0,7.0,No
1068.0,515.0,74.0,Male,Kolkata,Toys,1274.447402952618,5.0,0.0,2024-04-19,UPI,3.0,4.0,Yes
1047.0,87.0,73.0,Male,Pune,Grocery,1454.18,3.0,5.0,2023-09-02,UPI,4.0,7.0,No
1027.0,351.0,44.0,Male,Kolkata,Clothing,496.24,3.0,20.0,2021-04-09,Cash,4.0,12.0,No
1151.0,547.0,39.0,Female,Mumbai,Home,687.36,3.0,15.0,2024-10-16,UPI,2.0,4.0,No
1146.0,254.0,49.0,Male,Hyderabad,Toys,1617.97,3.0,0.0,2022-08-06,COD,3.0,13.0,No
1000.0,491.0,19.0,Male,Hyderabad,Home,1185.83,1.0,0.0,2021-11-12,UPI,3.0,10.0,No
1100.0,213.0,28.0,Male,Hyderabad,Clothing,1502.2,2.0,0.0,2022-02-23,COD,5.0,7.0,No
1197.0,242.0,62.0,Female,Bangalore,Grocery,1274.447402952618,3.0,15.0,2024-07-31,Card,5.0,8.0,Yes
1000.0,138.0,72.0,Female,Pune,Clothing,1464.33,4.0,20.0,2023-01-02,Cash,4.0,7.0,No
1170.0,556.0,21.0,Male,Delhi,Electronics,1680.53,4.0,0.0,2023-01-24,Card,5.0,7.0,No
1186.0,336.0,66.0,Female,Pune,Home,1517.39,3.0,0.0,2024-06-25,Cash,2.0,4.0,Yes
1117.0,200.0,65.0,Male,Kolkata,Beauty,1283.99,5.0,10.0,2023-02-24,NetBanking,4.0,5.0,No
1188.0,7.0,70.0,Male,Mumbai,Sports,1956.34,5.0,20.0,2024-08-04,Card,3.0,2.0,No
1049.0,71.0,27.0,Male,Pune,Sports,1274.447402952618,5.0,20.0,2021-05-09,NetBanking,5.0,1.0,No
1058.0,199.0,45.0,Female,Bangalore,Beauty,905.75,3.0,20.0,2024-11-12,Card,1.5,7.0,No
1160.0,321.0,29.0,Female,Mumbai,Grocery,146.0,2.0,20.0,2021-09-08,Card,5.0,14.0,No
1044.0,167.0,62.0,Male,Chennai,Home,444.7,2.0,0.0,2022-08-25,UPI,1.5,14.0,No
1188.0,501.0,49.0,Other,Pune,Toys,1315.71,2.0,15.0,2023-06-26,Cash,3.0,9.0,Yes
1142.0,155.0,31.0,Female,Pune,Sports,888.04,2.0,5.0,2022-11-25,Card,4.0,2.0,Yes
1099.0,524.0,37.0,Male,Pune,Beauty,422.54,1.0,0.0,2024-04-09,COD,3.0,2.0,No
1072.0,49.0,51.0,Male,Pune,Toys,1999.43,5.0,0.0,2023-10-31,Card,3.0,4.0,No
1188.0,319.0,52.0,Male,Pune,Grocery,600.49,3.0,0.0,2021-08-13,Card,5.0,3.0,Yes
1047.0,356.0,25.0,Male,Kolkata,Electronics,562.87,3.0,0.0,2022-05-18,Card,3.0,4.0,Yes
1037.0,237.0,48.0,Female,Chennai,Grocery,938.9,4.0,0.0,2023-01-02,NetBanking,3.0,1.0,No
1129.0,210.0,48.0,Male,,Electronics,1094.25,1.0,20.0,2022-07-29,NetBanking,3.0,9.0,Yes
1075.0,508.0,45.0,Male,Pune,Home,16.3,2.0,15.0,2023-06-27,Cash,2.0,7.0,Yes
1185.0,435.0,16.0,Female,Kolkata,Grocery,343.05,4.0,0.0,2023-07-07,UPI,3.0,5.0,No
1127.0,544.0,55.0,Male,Pune,Electronics,1274.447402952618,4.0,15.0,2023-03-19,Cash,3.0,7.0,No
1033.0,531.0,45.0,Female,Kolkata,Grocery,2921.8112499999997,3.0,5.0,2023-03-06,NetBanking,5.0,10.0,Yes
1112.0,204.0,56.0,Female,Pune,Toys,1196.68,1.0,0.0,2023-06-22,UPI,1.5,14.0,No
1127.0,333.0,45.0,Male,Delhi,Home,1200.0,4.0,0.0,2021-10-08,Cash,3.0,1.0,No
1045.0,570.0,66.0,Female,Delhi,Sports,425.64,2.0,0.0,2023-02-27,COD,5.0,3.0,No
1102.0,456.0,71.0,Male,Mumbai,Home,1333.93,1.0,0.0,2024-02-14,Card,3.0,7.0,Yes
1107.0,42.0,20.0,Female,Chennai,Home,1274.447402952618,3.0,10.0,2022-05-25,Card,5.0,3.0,No
1061.0,168.0,45.0,Female,Mumbai,Beauty,607.97,3.0,0.0,2022-10-19,Card,5.0,2.0,No
1174.0,39.0,62.0,Female,,Grocery,796.91,3.0,10.0,2023-03-13,Cash,2.0,7.0,No
1116.0,498.0,51.0,Male,Pune,Clothing,1705.16,5.0,0.0,2024-02-05,Card,5.0,4.0,No
1083.0,546.0,45.0,Male,Pune,Sports,787.55,3.0,0.0,2023-10-13,UPI,3.0,6.0,No
1008.0,106.0,45.0,Male,Pune,Beauty,399.72,3.0,0.0,2023-05-22,Cash,3.0,14.0,No
1134.0,416.0,29.0,Female,Pune,Electronics,2921.8112499999997,3.0,0.0,2024-08-09,Cash,3.0,5.0,No
1091.0,478.0,54.0,Female,Mumbai,Toys,15.81,2.0,0.0,2024-03-28,Cash,4.0,5.0,Yes
1126.0,398.0,34.0,Male,Hyderabad,Sports,268.35,2.0,20.0,2022-04-10,Cash,5.0,1.0,Yes
1007.0,66.0,44.0,Female,Mumbai,Toys,344.99,4.0,10.0,2021-05-20,UPI,3.0,3.0,No
1005.0,367.0,45.0,Other,Chennai,Grocery,687.41,4.0,0.0,2021-08-29,UPI,3.0,7.0,Yes
1152.0,434.0,51.0,Female,Pune,Electronics,89.13,2.0,0.0,2024-04-02,Card,3.0,2.0,Yes
1083.0,60.0,29.0,Male,Mumbai,Sports,390.61,4.0,0.0,2021-04-15,COD,4.0,8.0,Yes
1186.0,252.0,45.0,Other,Pune,Electronics,1274.447402952618,4.0,10.0,2021-07-20,COD,3.0,7.0,Yes
1129.0,24.0,64.0,Male,Bangalore,Grocery,1246.48,3.0,0.0,2023-08-26,Card,2.0,9.0,No
1095.0,152.0,45.0,Male,Pune,Clothing,1274.447402952618,3.0,0.0,2022-01-20,Card,5.0,7.0,Yes
1037.0,341.0,48.0,Male,,Grocery,71.92,2.0,5.0,2023-10-14,Card,4.0,4.0,No
1000.0,537.0,39.0,Female,Pune,Toys,2921.8112499999997,5.0,0.0,2022-11-25,COD,5.0,1.0,Yes
1191.0,25.0,51.0,Male,Pune,Home,1059.18,1.0,0.0,2022-04-17,Cash,3.0,4.0,Yes
1143.0,423.0,62.0,Male,Pune,Toys,1521.57,2.0,0.0,2022-09-10,Cash,4.0,5.0,Yes
1049.0,411.0,27.0,Female,,Home,1454.18,3.0,0.0,2023-08-28,NetBanking,5.0,7.0,Yes
1160.0,298.0,73.0,Male,Pune,Sports,464.69,4.0,15.0,2024-11-12,UPI,5.0,6.0,Yes
1050.0,433.0,41.0,Female,Pune,Grocery,1352.47,4.0,0.0,2023-04-11,COD,5.0,12.0,No
1002.0,250.0,42.0,Female,Kolkata,Sports,1744.48,1.0,0.0,2021-06-20,NetBanking,1.5,11.0,No
1127.0,264.0,20.0,Female,Mumbai,Home,232.75,4.0,5.0,2022-10-20,Card,3.0,1.0,Yes
1095.0,150.0,47.0,Male,Pune,Clothing,1616.72,2.0,0.0,2022-07-06,Cash,3.0,14.0,No
1157.0,364.0,68.0,Other,Delhi,Home,1274.447402952618,4.0,15.0,2023-10-16,UPI,3.0,7.0,Yes
1115.0,187.0,53.0,Male,Kolkata,Toys,230.39,1.0,0.0,2023-09-09,Card,3.0,2.0,No
1185.0,535.0,45.0,Female,Bangalore,Toys,1069.66,2.0,0.0,2022-10-18,COD,4.0,2.0,Yes
1085.0,442.0,45.0,Male,Pune,Sports,719.78,2.0,0.0,2021-02-14,Card,3.0,5.0,No
1088.0,53.0,72.0,Female,,Electronics,185.52,3.0,0.0,2024-05-03,Card,3.0,14.0,No
1026.0,346.0,70.0,Female,Pune,Beauty,1955.13,3.0,15.0,2023-11-15,NetBanking,2.0,10.0,No
1146.0,257.0,16.0,Other,Bangalore,Sports,1798.71,3.0,0.0,2021-04-13,Card,5.0,11.0,Yes
1013.0,55.0,60.0,Male,Mumbai,Sports,1615.11,2.0,0.0,2022-04-09,COD,3.0,7.0,No
1137.0,592.0,45.0,Male,Delhi,Clothing,603.89,2.0,0.0,2022-09-14,Card,5.0,2.0,Yes
1088.0,104.0,19.0,Female,Delhi,Clothing,882.69,3.0,0.0,2023-01-09,Card,3.0,4.0,No
1128.0,499.0,62.0,Male,Kolkata,Beauty,438.9,3.0,0.0,2024-01-17,UPI,5.0,1.0,No
1108.0,459.0,18.0,Other,Delhi,Grocery,1511.7,3.0,0.0,2022-03-17,UPI,5.0,1.0,No
1098.0,368.0,58.0,Male,Bangalore,Toys,338.83,2.0,0.0,2022-04-28,Card,1.5,9.0,No
1017.0,51.0,38.0,Male,Hyderabad,Grocery,1602.71,3.0,15.0,2021-06-01,Cash,5.0,7.0,Yes
1014.0,144.0,53.0,Male,,Electronics,769.41,3.0,0.0,2024-06-24,NetBanking,5.0,7.0,No
1123.0,246.0,41.0,Female,Pune,Electronics,1274.447402952618,3.0,0.0,2023-02-10,NetBanking,4.0,7.0,Yes
1089.0,57.0,57.0,Male,Hyderabad,Electronics,302.65,5.0,15.0,2021-09-28,Card,4.0,10.0,Yes
1036.0,129.0,23.0,Male,Delhi,Clothing,1274.447402952618,5.0,0.0,2023-03-30,UPI,3.0,13.0,Yes
1182.0,480.0,32.0,Male,Chennai,Toys,813.76,2.0,0.0,2021-06-12,Card,1.5,1.0,Yes
1156.0,100.0,32.0,Male,Hyderabad,Beauty,1089.64,3.0,0.0,2022-04-16,Card,3.0,7.0,No
1119.0,475.0,52.0,Female,Pune,Electronics,1640.32,5.0,0.0,2024-03-16,UPI,1.5,10.0,No
1027.0,171.0,30.0,Female,,Grocery,519.53,2.0,0.0,2022-05-11,COD,5.0,13.0,Yes
1171.0,131.0,56.0,Female,Delhi,Electronics,1912.09,4.0,0.0,2021-04-18,Card,3.0,2.0,Yes
1130.0,137.0,45.0,Male,Chennai,Beauty,562.87,4.0,0.0,2021-04-18,Card,3.0,3.0,No
1199.0,89.0,20.0,Other,Pune,Toys,381.58,3.0,0.0,2023-11-15,Cash,3.0,8.0,Yes
1099.0,530.0,19.0,Male,,Sports,70.79,1.0,0.0,2022-05-05,Card,3.0,7.0,No
1018.0,477.0,25.0,Male,Bangalore,Toys,1477.76,1.0,0.0,2022-04-23,UPI,3.0,12.0,No
1008.0,56.0,68.0,Male,Pune,Grocery,876.66,1.0,20.0,2024-02-11,Card,2.0,12.0,No
1119.0,588.0,53.0,Female,Bangalore,Electronics,1274.447402952618,2.0,10.0,2021-05-05,Card,5.0,12.0,No
1091.0,427.0,71.0,Female,Pune,Grocery,631.57,3.0,0.0,2021-01-27,COD,3.0,12.0,No
1174.0,67.0,58.0,Male,Mumbai,Grocery,532.72,5.0,0.0,2024-03-01,Card,4.0,11.0,No
1178.0,511.0,21.0,Male,Mumbai,Sports,882.69,2.0,15.0,2024-10-03,Card,2.0,12.0,No
1053.0,386.0,71.0,Female,Pune,Beauty,317.1,1.0,0.0,2022-08-14,UPI,3.0,10.0,No
1163.0,70.0,62.0,Female,Bangalore,Beauty,1760.93,1.0,0.0,2022-01-03,NetBanking,1.5,2.0,No
1122.0,117.0,34.0,Male,Kolkata,Home,1526.19,5.0,0.0,2021-01-05,Cash,2.0,7.0,Yes
1179.0,444.0,37.0,Female,Pune,Grocery,1274.447402952618,2.0,10.0,2021-02-03,UPI,3.0,5.0,Yes
1053.0,221.0,21.0,Male,Pune,Electronics,796.91,2.0,10.0,2021-05-25,NetBanking,3.0,7.0,Yes
1189.0,185.0,31.0,Female,Pune,Clothing,951.07,2.0,5.0,2023-12-20,COD,3.0,7.0,No
1139.0,285.0,28.0,Male,Bangalore,Toys,630.68,5.0,0.0,2022-08-31,NetBanking,3.0,4.0,Yes
1032.0,552.0,43.0,Female,Bangalore,Electronics,1527.57,5.0,5.0,2024-06-23,Card,3.0,2.0,Yes
1080.0,112.0,69.0,Other,Pune,Sports,1999.43,2.0,0.0,2023-10-06,NetBanking,3.0,5.0,No
1199.0,303.0,45.0,Male,Bangalore,Home,1356.09,1.0,0.0,2022-02-20,UPI,5.0,5.0,Yes
1051.0,207.0,69.0,Female,Mumbai,Electronics,999.0,3.0,20.0,2023-06-06,Card,5.0,7.0,No
1007.0,422.0,72.0,Male,Pune,Sports,381.58,2.0,0.0,2022-04-06,NetBanking,2.0,7.0,No
1103.0,306.0,16.0,Male,Bangalore,Beauty,746.4,2.0,10.0,2024-08-07,UPI,3.0,3.0,No
1004.0,118.0,54.0,Male,Pune,Grocery,1481.2,1.0,0.0,2024-06-14,COD,3.0,6.0,No
1001.0,219.0,50.0,Male,Mumbai,Toys,1967.84,2.0,0.0,2024-09-02,Card,3.0,1.0,No
1106.0,5.0,27.0,Female,Pune,Sports,138.34,5.0,5.0,2024-07-16,Cash,5.0,5.0,No
1150.0,272.0,68.0,Male,Kolkata,Grocery,719.78,5.0,10.0,2021-06-22,UPI,2.0,2.0,Yes
1048.0,443.0,71.0,Male,Pune,Home,963.35,5.0,5.0,2022-04-16,COD,5.0,13.0,No
1020.0,8.0,28.0,Other,Pune,Sports,1635.2,4.0,5.0,2023-09-04,UPI,3.0,9.0,Yes
1114.0,337.0,49.0,Other,Pune,Electronics,1939.52,5.0,5.0,2022-01-03,Card,1.5,10.0,No
1122.0,235.0,70.0,Female,Pune,Beauty,892.48,2.0,0.0,2023-03-19,Cash,1.5,4.0,No
1091.0,180.0,72.0,Male,Pune,Home,311.65,2.0,0.0,2021-09-26,COD,3.0,9.0,No
1184.0,513.0,41.0,Male,Bangalore,Electronics,1944.33,4.0,0.0,2021-11-17,Card,3.0,7.0,Yes
1085.0,395.0,45.0,Male,,Electronics,532.72,4.0,0.0,2021-01-17,Card,1.5,1.0,No
1147.0,294.0,46.0,Male,Pune,Clothing,1521.57,4.0,15.0,2024-02-04,NetBanking,3.0,12.0,Yes
1130.0,293.0,43.0,Other,Pune,Clothing,496.24,4.0,0.0,2023-04-15,UPI,3.0,4.0,No
1167.0,263.0,32.0,Male,Chennai,Beauty,1274.447402952618,4.0,0.0,2024-06-07,Cash,3.0,12.0,No
1068.0,529.0,63.0,Female,Pune,Toys,1229.67,4.0,0.0,2021-07-14,UPI,3.0,13.0,No
1089.0,278.0,36.0,Female,Mumbai,Toys,1642.55,3.0,0.0,2023-10-25,Cash,2.0,7.0,Yes
1067.0,322.0,17.0,Male,Pune,Electronics,1401.64,3.0,20.0,2024-06-10,UPI,5.0,10.0,Yes
1001.0,282.0,16.0,Female,Pune,Grocery,1521.57,1.0,0.0,2021-10-15,Card,3.0,12.0,No
1017.0,384.0,55.0,Male,Mumbai,Toys,1274.447402952618,2.0,20.0,2023-04-07,UPI,3.0,7.0,No
1153.0,96.0,60.0,Other,Bangalore,Clothing,1685.03,2.0,10.0,2023-05-25,Card,3.0,7.0,No
1014.0,101.0,22.0,Male,Pune,Electronics,718.39,2.0,0.0,2021-04-01,COD,5.0,2.0,No
1074.0,586.0,45.0,Female,Hyderabad,Beauty,1606.69,2.0,5.0,2024-03-25,Card,2.0,4.0,Yes
1020.0,27.0,45.0,Male,Mumbai,Home,1598.7,5.0,0.0,2023-06-19,Card,4.0,7.0,Yes
1062.0,149.0,60.0,Female,Bangalore,Electronics,516.1,2.0,10.0,2021-10-05,Card,3.0,1.0,No
1057.0,479.0,72.0,Female,Pune,Beauty,780.91,4.0,0.0,2022-01-19,NetBanking,5.0,7.0,No
1056.0,417.0,41.0,Male,,Grocery,1274.447402952618,2.0,15.0,2023-03-08,Card,3.0,7.0,Yes
1139.0,548.0,46.0,Male,Delhi,Sports,607.97,3.0,0.0,2024-10-29,Card,5.0,7.0,No
1195.0,583.0,27.0,Male,Pune,Home,331.62,2.0,0.0,2022-06-11,COD,3.0,13.0,Yes
1163.0,304.0,65.0,Other,Pune,Grocery,1852.02,4.0,20.0,2022-12-27,UPI,2.0,11.0,No
1047.0,326.0,53.0,Male,Pune,Clothing,1274.447402952618,2.0,0.0,2021-05-05,UPI,3.0,14.0,No
1153.0,509.0,56.0,Other,Pune,Electronics,1274.447402952618,3.0,0.0,2022-08-30,Cash,5.0,5.0,No
1151.0,594.0,58.0,Other,Pune,Sports,1481.95,1.0,0.0,2022-11-05,Card,3.0,5.0,No
1057.0,441.0,30.0,Male,Kolkata,Home,1248.81,2.0,0.0,2023-11-20,Card,3.0,7.0,No
1191.0,502.0,62.0,Female,Hyderabad,Clothing,1274.447402952618,2.0,0.0,2023-06-06,COD,1.5,8.0,Yes
1054.0,464.0,62.0,Male,Kolkata,Electronics,1549.34,1.0,15.0,2023-12-10,COD,3.0,7.0,No
1094.0,569.0,41.0,Female,Pune,Clothing,765.21,3.0,0.0,2022-05-20,NetBanking,4.0,4.0,No
1193.0,397.0,66.0,Female,Kolkata,Grocery,399.72,3.0,15.0,2021-09-10,Card,5.0,7.0,No
1162.0,114.0,42.0,Male,Kolkata,Home,1660.88,2.0,5.0,2021-07-22,UPI,3.0,6.0,Yes
1188.0,554.0,19.0,Female,Kolkata,Sports,2921.8112499999997,2.0,0.0,2021-07-04,UPI,5.0,8.0,Yes
1163.0,589.0,52.0,Female,Mumbai,Beauty,2921.8112499999997,2.0,0.0,2023-05-21,Card,3.0,7.0,No
1063.0,44.0,27.0,Male,Pune,Home,1049.66,3.0,20.0,2023-09-29,Card,4.0,10.0,No
1014.0,4.0,52.0,Male,Hyderabad,Grocery,667.51,2.0,0.0,2021-02-27,Card,3.0,9.0,Yes
1046.0,462.0,61.0,Male,Hyderabad,Home,542.88,5.0,0.0,2024-08-04,UPI,3.0,12.0,No
1151.0,413.0,61.0,Male,Pune,Sports,346.02,2.0,15.0,2024-04-18,COD,3.0,8.0,No
1014.0,36.0,67.0,Female,Chennai,Clothing,280.22,5.0,20.0,2022-10-16,Cash,3.0,7.0,Yes
1121.0,10.0,40.0,Male,Pune,Beauty,273.42,3.0,0.0,2024-06-05,UPI,5.0,4.0,Yes
1020.0,48.0,36.0,Male,Hyderabad,Toys,496.24,3.0,0.0,2024-10-15,COD,3.0,1.0,Yes
1162.0,318.0,30.0,Male,Kolkata,Toys,1208.21,3.0,5.0,2024-07-17,Cash,3.0,10.0,No
1146.0,357.0,32.0,Male,Chennai,Toys,896.04,2.0,0.0,2023-06-13,COD,4.0,10.0,No
1022.0,484.0,45.0,Male,,Home,461.19,4.0,0.0,2024-09-24,UPI,3.0,3.0,No
1029.0,349.0,32.0,Female,Chennai,Sports,154.62,4.0,0.0,2021-04-26,Card,3.0,8.0,Yes
1158.0,273.0,52.0,Female,Kolkata,Clothing,1734.11,3.0,0.0,2022-10-25,Card,3.0,10.0,No
1069.0,248.0,37.0,Male,Pune,Home,562.87,3.0,20.0,2021-05-16,Card,3.0,9.0,No
1103.0,132.0,45.0,Male,Delhi,Beauty,1333.93,3.0,20.0,2023-04-24,Card,3.0,1.0,No
1011.0,568.0,23.0,Male,Pune,Clothing,230.39,3.0,0.0,2022-06-06,Card,5.0,12.0,No
1149.0,439.0,45.0,Other,Chennai,Sports,1585.52,3.0,5.0,2023-08-23,UPI,3.0,8.0,No
1151.0,16.0,45.0,Male,Pune,Sports,764.03,2.0,0.0,2024-10-10,Card,5.0,1.0,No
1127.0,383.0,19.0,Male,,Beauty,1217.69,3.0,0.0,2022-10-04,Cash,3.0,12.0,No
1023.0,391.0,42.0,Male,Hyderabad,Sports,822.53,2.0,0.0,2023-09-27,NetBanking,3.0,2.0,No
1080.0,69.0,45.0,Female,Pune,Grocery,1103.15,2.0,0.0,2021-07-02,NetBanking,5.0,10.0,Yes
1057.0,584.0,62.0,Male,Pune,Home,1645.63,1.0,0.0,2022-06-08,UPI,2.0,14.0,No
1166.0,50.0,68.0,Male,,Home,1660.88,4.0,20.0,2024-05-19,UPI,3.0,14.0,Yes
1092.0,506.0,59.0,Other,Pune,Grocery,764.03,1.0,0.0,2024-12-04,COD,3.0,7.0,No
1168.0,320.0,36.0,Female,Chennai,Sports,999.0,3.0,0.0,2021-04-23,UPI,3.0,14.0,No
1020.0,325.0,54.0,Other,Delhi,Clothing,338.0,3.0,0.0,2024-01-12,NetBanking,5.0,12.0,No
1038.0,523.0,45.0,Male,Mumbai,Sports,1049.66,3.0,0.0,2023-03-29,Card,5.0,3.0,Yes
1061.0,128.0,43.0,Male,Pune,Sports,785.62,2.0,10.0,2021-12-26,Card,2.0,4.0,No
1027.0,120.0,18.0,Male,Delhi,Sports,1585.52,2.0,0.0,2022-07-03,UPI,1.5,13.0,No
1098.0,463.0,58.0,Male,Pune,Grocery,648.95,4.0,0.0,2022-01-23,Cash,3.0,5.0,No
1103.0,15.0,64.0,Male,,Beauty,1745.38,1.0,5.0,2021-09-09,NetBanking,4.0,7.0,Yes
1183.0,215.0,63.0,Male,Pune,Electronics,1274.447402952618,3.0,0.0,2022-02-23,COD,1.5,14.0,Yes
1092.0,372.0,66.0,Female,Bangalore,Sports,2921.8112499999997,2.0,0.0,2021-09-19,Card,3.0,12.0,Yes
1136.0,486.0,40.0,Male,Delhi,Home,1200.24,1.0,0.0,2021-10-15,Card,5.0,2.0,No
1191.0,360.0,39.0,Male,Delhi,Clothing,1274.447402952618,2.0,15.0,2021-05-01,UPI,3.0,4.0,Yes
1003.0,539.0,24.0,Female,Kolkata,Clothing,157.74,3.0,15.0,2024-01-25,UPI,3.0,7.0,Yes
1191.0,595.0,18.0,Other,Hyderabad,Grocery,1647.69,3.0,5.0,2024-02-26,Card,1.5,10.0,No
1162.0,550.0,17.0,Male,Kolkata,Clothing,1893.81,1.0,0.0,2021-10-30,NetBanking,5.0,4.0,Yes
1112.0,212.0,35.0,Male,Pune,Grocery,1893.82,1.0,0.0,2023-10-01,Card,3.0,7.0,No
1189.0,90.0,44.0,Female,Kolkata,Home,127.6,1.0,5.0,2023-02-28,Card,4.0,7.0,No
1162.0,115.0,25.0,Male,Bangalore,Electronics,460.3,1.0,5.0,2022-07-27,COD,5.0,9.0,Yes
1079.0,542.0,66.0,Female,Pune,Toys,1212.1,3.0,20.0,2022-03-20,Card,4.0,14.0,Yes
1190.0,431.0,45.0,Male,Mumbai,Sports,1122.78,4.0,0.0,2021-10-08,UPI,3.0,13.0,No
1138.0,111.0,59.0,Male,Delhi,Beauty,1231.42,3.0,10.0,2024-04-18,Card,3.0,7.0,No
1111.0,279.0,29.0,Female,Pune,Toys,1274.447402952618,2.0,20.0,2024-01-22,Cash,5.0,2.0,No
1026.0,347.0,57.0,Male,Chennai,Electronics,673.48,5.0,0.0,2024-09-19,UPI,3.0,2.0,No
1100.0,526.0,21.0,Male,Pune,Sports,1229.67,2.0,5.0,2022-05-08,Cash,1.5,14.0,No
1177.0,549.0,45.0,Male,Bangalore,Clothing,1642.55,1.0,0.0,2022-07-08,Card,3.0,9.0,No
1062.0,110.0,45.0,Other,Pune,Beauty,290.51,5.0,10.0,2021-12-11,Card,3.0,10.0,Yes
1125.0,494.0,56.0,Male,Pune,Beauty,1392.82,1.0,10.0,2024-08-18,Cash,4.0,14.0,Yes
1042.0,405.0,37.0,Male,Pune,Sports,311.65,1.0,0.0,2023-03-07,UPI,5.0,10.0,No
1152.0,412.0,41.0,Female,Mumbai,Grocery,777.89,2.0,0.0,2023-12-31,Card,1.5,13.0,Yes
1112.0,214.0,43.0,Female,Bangalore,Home,147.37,2.0,0.0,2024-09-22,Card,3.0,5.0,No
1066.0,559.0,45.0,Female,Chennai,Toys,1401.64,2.0,0.0,2021-12-02,Card,3.0,11.0,No
1108.0,342.0,39.0,Male,Pune,Home,290.51,1.0,0.0,2024-08-30,Card,2.0,5.0,No
1116.0,13.0,45.0,Male,Mumbai,Sports,882.69,1.0,20.0,2021-03-24,Card,5.0,14.0,Yes
1144.0,236.0,71.0,Male,Chennai,Beauty,286.35,1.0,20.0,2021-07-06,NetBanking,3.0,7.0,No
1159.0,380.0,69.0,Female,Pune,Clothing,813.92,5.0,0.0,2021-03-17,Cash,3.0,6.0,Yes
1192.0,134.0,45.0,Other,Mumbai,Beauty,206.76,3.0,0.0,2023-06-10,Card,2.0,6.0,No
1141.0,424.0,72.0,Male,Delhi,Clothing,1391.96,3.0,5.0,2023-11-11,COD,3.0,13.0,Yes
1157.0,472.0,30.0,Male,,Home,1424.66,2.0,0.0,2022-09-10,Card,3.0,4.0,No
1029.0,176.0,69.0,Female,Kolkata,Home,1470.72,3.0,15.0,2022-01-01,Card,5.0,5.0,No
1170.0,156.0,69.0,Female,Bangalore,Home,1837.23,3.0,0.0,2024-12-20,Card,5.0,4.0,Yes
1189.0,84.0,24.0,Female,,Toys,1274.447402952618,5.0,0.0,2021-09-07,UPI,5.0,5.0,Yes
1092.0,3.0,47.0,Female,Pune,Electronics,518.43,1.0,20.0,2024-08-15,COD,3.0,8.0,No
1095.0,259.0,45.0,Female,Pune,Sports,1274.447402952618,4.0,0.0,2024-02-23,UPI,2.0,14.0,No
1016.0,362.0,49.0,Male,Chennai,Electronics,1274.447402952618,3.0,0.0,2023-09-05,Card,3.0,12.0,Yes
1150.0,396.0,73.0,Male,Pune,Grocery,925.72,3.0,0.0,2023-12-23,NetBanking,3.0,2.0,No
1194.0,256.0,45.0,Female,Kolkata,Toys,1424.66,3.0,0.0,2022-01-06,Card,1.5,4.0,Yes
